Description,Headline,Headline,Location,Sitelink,Url,Callout,Callout,Keyword,Keyword,Keyword,Keyword,Keyword,CTR
All-Inclusive Software Solution for Packaging Design and Management.,#1 Artwork Management Tool , No Code Workflow,"Australia, New Zealand","Twona Integrations

D: Slack - Asana - Google Docs - Trello - Outlook - Zoom - etc.",https://twonas.com/services/ams/features/?source=genesis,Free Trial , Connect on Any Device,artwork management solutions , project software , digital asset software , packaging design software , approval process workflow,1.754385965
"Automatic Archiving, Version Control, and Quality Assurance All in One.",#1 Artwork Management Tool , QA + Design Workflow,"Germany, Austria","Pricing & Plans

D: Compare Plans Side-by-Side to Find the Right One for You. Get Started.",https://twonas.com/services/ams/why/?source=genesis,Work Anywhere , Easy to Use,online project timeline tool , packaging design software , project management solution , management software , product packaging design software,2.908587258
"Free plans available. Integrate with your other tools, no coding necessary.",Quality Revision Software , End to End Artwork Pipeline,"USA, Canada","Version Control System

D: Everything You Need for Smart Artwork Management. See Now. ",https://twonas.com/services/ams/features/?source=genesis,Start in Minutes , No Download Necessary,blue software , Global Vision , Esko , packaging audit software , Packing design management,3.375527426
Artwork management automation has never been easier. Get started right now.,QA + Design Workflow , Get Productive Faster,"France, Belgium","Project Management

D: Quick Project Overview from the Dashboard",https://twonas.com/services/ams/why/?source=genesis,Start in Minutes , Make Things Easy,design asset management , version control software , approval process workflow , manage artworks , document workflow management software,3.571428571
Streamline Business Operations. Improve Efficiency. Save Time & Cost.,No Code Workflow , Universal Packaging Management,"USA, Canada","Version Control System

D: Everything You Need for Smart Artwork Management. See Now. ",https://twonas.com/services/ams/pricing/?source=genesis,Collaborate At Scale , Connect on Any Device,best project management , blue software , digital asset software , ams , project management system,1.661779081
"Get up and running quickly with pre-built, visual artwork automation workflows.",Packaging Audit Software , Efficient Teamwork Starts Here,"United Kingdom, Ireland","Pre-Built Workflows

D: Map Out Your Project to See How Your Tasks Connect",https://twonas.com/services/ams/?source=genesis,Easy to Use , Work Anywhere,packaging design management process , design asset management software , packaging workflow software , best project management , online project timeline tool,0
"Build, Configure and Automate Workflows in No Time. No Coding. Drag & Drop. ",Art Management Built for You , QA + Design Workflow,"USA, Canada","Graphic & Text Comparison

D: List Differences with Side by Side Comparison. Start Now.",https://twonas.com/services/ams/contact/?source=genesis,All-In-One Tool , Free Plans Available,artwork workflow management software , workflow management software , product packaging design software , design asset management , project management system,3.532608696
Proof artworks online as part of your artwork management process.,Packaging Audit Software , Build Your Workflow in Minutes,"Norway, Sweden, Finland","Ready Made Templates

D: Get Started in Minutes with Custom Worklow Templates for All Teams",https://twonas.com/services/ams/why/?source=genesis,Easily Customizable , Free Plans Available,pack design management , version control software , multimedia asset management , easy project management , packaging design management process,4.166666667
Twona AMS helps launch products to market faster and more accurately. ,#1 Artwork Management Tool , QA + Design Workflow,"United Kingdom, Ireland","Twona Integrations

D: Slack - Asana - Google Docs - Trello - Outlook - Zoom - etc.",https://twonas.com/services/ams/pricing/?source=genesis,Work Anywhere , 100% Cloud Platform,product packaging design software , version control software , digital asset management system , digital asset software , design asset management,2.702702703
"Font detection, multi-language support, side by side comparison. PDF, Word, PNG, and more.",Artwork Management Made Easy , Quality Revision Software,"Germany, Austria, Switzerland, Luxembourg","Pre-Built Workflows

D: Map Out Your Project to See How Your Tasks Connect",https://twonas.com/services/ams/features/?source=genesis,Free Plans Available , Work Anywhere,workflow solutions , design asset management , artwork management process , pm software , pack design management,3.846153846
"Font detection, multi-language support, side by side comparison. PDF, Word, PNG, and more.",Artwork Management Made Easy , Quality Revision Software,"Germany, Austria, Switzerland, Luxembourg","Pre-Built Workflows

D: Map Out Your Project to See How Your Tasks Connect",https://twonas.com/services/ams/features/?source=genesis,Free Plans Available , Work Anywhere,workflow solutions , design asset management , artwork management process , pm software , pack design management,3.177570093
"Automatic Archiving, Version Control, and Quality Assurance All in One.",#1 Artwork Management Tool , QA + Design Workflow,"Germany, Austria","Pricing & Plans

D: Compare Plans Side-by-Side to Find the Right One for You. Get Started.",https://twonas.com/services/ams/why/?source=genesis,Work Anywhere , Easy to Use,online project timeline tool , packaging design software , project management solution , management software , product packaging design software,3.266331658
Streamline Business Operations. Improve Efficiency. Save Time & Cost.,No Code Workflow , Universal Packaging Management,"USA, Canada","Version Control System

D: Everything You Need for Smart Artwork Management. See Now. ",https://twonas.com/services/ams/pricing/?source=genesis,Collaborate At Scale , Connect on Any Device,best project management , blue software , digital asset software , ams , project management system,0.498753117
"Build, Configure and Automate Workflows in No Time. No Coding. Drag & Drop. ",Art Management Built for You , QA + Design Workflow,"USA, Canada","Graphic & Text Comparison

D: List Differences with Side by Side Comparison. Start Now.",https://twonas.com/services/ams/contact/?source=genesis,All-In-One Tool , Free Plans Available,artwork workflow management software , workflow management software , product packaging design software , design asset management , project management system,1.571709234
Proof artworks online as part of your artwork management process.,Packaging Audit Software , Build Your Workflow in Minutes,"Norway, Sweden, Finland","Ready Made Templates

D: Get Started in Minutes with Custom Worklow Templates for All Teams",https://twonas.com/services/ams/why/?source=genesis,Easily Customizable , Free Plans Available,pack design management , version control software , multimedia asset management , easy project management , packaging design management process,0
"Build, Configure and Automate Workflows in No Time. No Coding. Drag & Drop. ",Art Management Built for You , Universal Packaging Management,"USA, Canada","Graphic & Text Comparison

D: List Differences with Side by Side Comparison. Start Now.",https://twonas.com/services/ams/contact/?source=genesis,All-In-One Tool , Free Plans Available,artwork workflow management software , workflow management software , product packaging design software , ams , Esko,0.377358491
Streamline Business Operations. Improve Efficiency. Save Time & Cost.,No Code Workflow , QA + Design Workflow,"USA, Canada","Graphic & Text Comparison

D: List Differences with Side by Side Comparison. Start Now.",https://twonas.com/services/ams/contact/?source=genesis,Collaborate At Scale , Connect on Any Device,artwork workflow management software , blue software , product packaging design software , ams , project management system,1.612903226
Streamline Business Operations. Improve Efficiency. Save Time & Cost.,No Code Workflow , QA + Design Workflow,"USA, Canada","Graphic & Text Comparison

D: List Differences with Side by Side Comparison. Start Now.",https://twonas.com/services/ams/pricing/?source=genesis,Collaborate At Scale , Connect on Any Device,best project management , blue software , digital asset software , ams , project management system,0.943396226
"Automatic Archiving, Version Control, and Quality Assurance All in One.",#1 Artwork Management Tool , QA + Design Workflow,"Germany, Austria, Switzerland, Luxembourg","Pre-Built Workflows

D: Map Out Your Project to See How Your Tasks Connect",https://twonas.com/services/ams/features/?source=genesis,Work Anywhere , Easy to Use,online project timeline tool , design asset management , project management solution , management software , pack design management,3.448275862
"Build, Configure and Automate Workflows in No Time. No Coding. Drag & Drop. ",Packaging Audit Software , Build Your Workflow in Minutes,"USA, Canada","Graphic & Text Comparison

D: List Differences with Side by Side Comparison. Start Now.",https://twonas.com/services/ams/why/?source=genesis,Easily Customizable , Free Plans Available,pack design management , artwork management solutions , product packaging design software , ams , Esko,1.639344262
"Automatic Archiving, Version Control, and Quality Assurance All in One.",#1 Artwork Management Tool , QA + Design Workflow,"Germany, Austria","Pricing & Plans

D: Compare Plans Side-by-Side to Find the Right One for You. Get Started.",https://twonas.com/services/ams/why/?source=genesis,Work Anywhere , Easy to Use,online project timeline tool , packaging design software , project management solution , management software , product packaging design software,2.380952381
Streamline Business Operations. Improve Efficiency. Save Time & Cost.,No Code Workflow , Universal Packaging Management,"USA, Canada","Version Control System

D: Everything You Need for Smart Artwork Management. See Now. ",https://twonas.com/services/ams/pricing/?source=genesis,Collaborate At Scale , Connect on Any Device,best project management , blue software , digital asset software , ams , project management system,0.5
"Font detection, multi-language support, side by side comparison. PDF, Word, PNG, and more.",Artwork Management Made Easy , Quality Revision Software,"Germany, Austria, Switzerland, Luxembourg","Pre-Built Workflows

D: Map Out Your Project to See How Your Tasks Connect",https://twonas.com/services/ams/features/?source=genesis,Free Plans Available , Work Anywhere,workflow solutions , design asset management , artwork management process , pm software , pack design management,4.761904762
"Font detection, multi-language support, side by side comparison. PDF, Word, PNG, and more.",Artwork Management Made Easy , Quality Revision Software,"Germany, Austria, Switzerland, Luxembourg","Pre-Built Workflows

D: Map Out Your Project to See How Your Tasks Connect",https://twonas.com/services/ams/features/?source=genesis,Free Plans Available , Start in Minutes,workflow solutions , design asset management , artwork management process , pm software , easy project management,4.268292683
"Automatic Archiving, Version Control, and Quality Assurance All in One.",#1 Artwork Management Tool , QA + Design Workflow,"Germany, Austria, Switzerland, Luxembourg","Pre-Built Workflows

D: Map Out Your Project to See How Your Tasks Connect",https://twonas.com/services/ams/features/?source=genesis,Work Anywhere , Easy to Use,online project timeline tool , design asset management , project management solution , management software , pack design management,1.650943396
"Automatic Archiving, Version Control, and Quality Assurance All in One.",#1 Artwork Management Tool , QA + Design Workflow,"Australia, New Zealand","See Pricing

D:See All of Our Plans and See What's Right for You.",https://twonas.com/services/ams/why/?source=genesis,Work Anywhere , Easy to Use,online project timeline tool , packaging design software , project management solution , management software , product packaging design software,1.146131805
Streamline Business Operations. Improve Efficiency. Save Time & Cost.,No Code Workflow , Universal Packaging Management,"USA, Canada","Pricing & Plans

D: Compare Plans Side-by-Side to Find the Right One for You. Get Started.",https://twonas.com/services/ams/pricing/?source=genesis,Collaborate At Scale , Connect on Any Device,easy project management , blue software , digital asset software , ams , project management system,1.051524711
"Set for Success with Easy Integrations. Perfect Management for Pharma, Food, Retail.",Change The Way You Manage Art , Quality Revision Software,"Germany, Austria, Switzerland, Luxembourg","Pre-Built Workflows

D: Map Out Your Project to See How Your Tasks Connect",https://twonas.com/services/ams/features/?source=genesis,Free Plans Available , Work Anywhere,workflow solutions , design asset management , artwork management process , pm software , pack design management,3.111111111
"Font detection, multi-language support, side by side comparison. PDF, Word, PNG, and more.",Artwork Management Made Easy , Quality Revision Software,"Germany, Austria, Switzerland, Luxembourg","See Our Features

D: Integrations - Automations - Version Control - Audit Trail",https://twonas.com/services/ams/pricing/?source=genesis,Free Plans Available , Work Anywhere,workflow solutions , design asset management , artwork management process , pm software , pack design management,4.849884527
"Automatic Archiving, Version Control, and Quality Assurance All in One.",#1 Artwork Management Tool , QA + Design Workflow,"Norway, Sweden, Finland","Pre-Built Workflows

D: Map Out Your Project to See How Your Tasks Connect",https://twonas.com/services/ams/features/?source=genesis,Work Anywhere , Easy to Use,online project timeline tool , design asset management , packaging workflow software , management software , pack design management,2.53164557
"Automatic Archiving, Version Control, and Quality Assurance All in One.",#1 Artwork Management Tool , QA + Design Workflow,"Germany, Austria","Pricing & Plans

D: Compare Plans Side-by-Side to Find the Right One for You. Get Started.",https://twonas.com/services/ams/why/?source=genesis,Work Anywhere , Easy to Use,online project timeline tool , packaging design software , project management solution , management software , product packaging design software,1.744186047
Streamline Business Operations. Improve Efficiency. Save Time & Cost.,No Code Workflow , Universal Packaging Management,"USA, Canada","Version Control System

D: Everything You Need for Smart Artwork Management. See Now. ",https://twonas.com/services/ams/pricing/?source=genesis,Collaborate At Scale , Connect on Any Device,best project management , blue software , digital asset software , ams , project management system,0.462962963
"Font detection, multi-language support, side by side comparison. PDF, Word, PNG, and more.",Artwork Management Made Easy , Quality Revision Software,"Germany, Austria, Switzerland, Luxembourg","Pre-Built Workflows

D: Map Out Your Project to See How Your Tasks Connect",https://twonas.com/services/ams/features/?source=genesis,Free Plans Available , Work Anywhere,workflow solutions , design asset management , artwork management process , pm software , pack design management,7.333333333
"Automatic Archiving, Version Control, and Quality Assurance All in One.",#1 Artwork Management Tool , QA + Design Workflow,"Germany, Austria, Switzerland, Luxembourg","Pre-Built Workflows

D: Map Out Your Project to See How Your Tasks Connect",https://twonas.com/services/ams/features/?source=genesis,Work Anywhere , Easy to Use,online project timeline tool , design asset management , project management solution , management software , pack design management,2.390438247
"Font detection, multi-language support, side by side comparison. PDF, Word, PNG, and more.",Artwork Management Made Easy , Quality Revision Software,"Germany, Austria, Switzerland, Luxembourg","See Our Features

D: Integrations - Automations - Version Control - Audit Trail",https://twonas.com/services/ams/pricing/?source=genesis,Free Plans Available , Work Anywhere,workflow solutions , design asset management , artwork management process , pm software , pack design management,4.761904762
"Automatic Archiving, Version Control, and Quality Assurance All in One.",Packaging Audit Software , QA + Design Workflow,"Germany, Austria","Pricing & Plans

D: Compare Plans Side-by-Side to Find the Right One for You. Get Started.",https://twonas.com/services/ams/why/?source=genesis,Work Anywhere , Easy to Use,online project timeline tool , manage artworks , project management solution , management software , product packaging design software,3.571428571
"Automatic Archiving, Version Control, and Quality Assurance All in One.",#1 Artwork Management Tool , No Code Workflow,"Germany, Austria, Switzerland, Luxembourg","Pre-Built Workflows

D: Map Out Your Project to See How Your Tasks Connect",https://twonas.com/services/ams/features/?source=genesis,Work Anywhere , Easy to Use,online project timeline tool , design asset management , project management solution , Esko , pack design management,1.428571429
Proof artworks online as part of your artwork management process.,#1 Artwork Management Tool , QA + Design Workflow,"Germany, Austria","Pricing & Plans

D: Compare Plans Side-by-Side to Find the Right One for You. Get Started.",https://twonas.com/services/ams/why/?source=genesis,Work Anywhere , Easy to Use,online project timeline tool , packaging design software , project management solution , workflow management software , product packaging design software,1.570680628
"Plan, Track, and Collaborate Using the Software Packaging Teams of All Sizes Love.",Artwork Management Made Easy , Quality Revision Software,"Germany, Austria, Switzerland, Luxembourg","See Our Features

D: Integrations - Automations - Version Control - Audit Trail",https://twonas.com/services/ams/pricing/?source=genesis,Free Plans Available , Work Anywhere,workflow solutions , design asset management , artwork management process , pm software , pack design management,2.591792657
Streamline Business Operations. Improve Efficiency. Save Time & Cost.,No Code Workflow , Universal Packaging Management,"USA, Canada","Ready Made Templates

D: Get Started in Minutes with Custom Worklow Templates for All Teams",https://twonas.com/services/ams/pricing/?source=genesis,Collaborate At Scale , Connect on Any Device,best project management , blue software , packaging workflow software , ams , project management system,0.452488688
